"Topic 1","Topic 2","Topic 3","Topic 4","Topic 5"
"pii","name","dashboard","error","tableau"
"user","pii","use","connect","server"
"error","email","can","data","run"
"version","pleas","show","tri","servic"
"site","licens","view","issu","upgrad"
"set","https","one","desktop","tsm"
"use","thank","like","sourc","node"
"log","tableau","user","work","log"
"instal","key","step","get","file"
"fail","activ","chang","extract","start"
"configur","can","filter","workbook","status"
"follow","url","want","refresh","instal"
"get","team","see","publish","prep"
"request","support","creat","unabl","process"
"file","product","will","abl","window"
"info","help","need","access","fail"
"https","need","tabl","attach","stop"
"login","regard","report","onlin","error"
"authent","attach","date","use","restart"
"found","inform","differ","open","data"
